,Meta Data,Time Series (60min)
1. Information,"Intraday (60min) open, high, low, close prices and volume",
2. Symbol,MSFT,
3. Last Refreshed,2023-04-28 19:00:00,
4. Interval,60min,
5. Output Size,Full size,
6. Time Zone,US/Eastern,
2023-04-28 19:00:00,,"{'1. open': '305.7850', '2. high': '306.1950', '3. low': '305.7790', '4. close': '306.1860', '5. volume': '7729'}"
2023-04-28 18:00:00,,"{'1. open': '305.7490', '2. high': '306.0450', '3. low': '305.7390', '4. close': '305.8870', '5. volume': '7848'}"
2023-04-28 17:00:00,,"{'1. open': '306.1530', '2. high': '306.1650', '3. low': '305.7790', '4. close': '305.9110', '5. volume': '20990'}"
2023-04-28 16:00:00,,"{'1. open': '306.0040', '2. high': '306.2940', '3. low': '305.9390', '4. close': '306.1560', '5. volume': '4307741'}"
2023-04-28 15:00:00,,"{'1. open': '304.5500', '2. high': '306.1150', '3. low': '304.2160', '4. close': '306.0060', '5. volume': '3217356'}"
2023-04-28 14:00:00,,"{'1. open': '304.1620', '2. high': '304.8560', '3. low': '303.7980', '4. close': '304.5730', '5. volume': '1736867'}"
2023-04-28 13:00:00,,"{'1. open': '303.7130', '2. high': '304.4470', '3. low': '303.0010', '4. close': '304.1590', '5. volume': '1681324'}"
2023-04-28 12:00:00,,"{'1. open': '304.3870', '2. high': '305.3380', '3. low': '302.7920', '4. close': '303.7160', '5. volume': '2370557'}"
2023-04-28 11:00:00,,"{'1. open': '304.2510', '2. high': '304.7310', '3. low': '303.3900', '4. close': '304.3240', '5. volume': '2698498'}"
2023-04-28 10:00:00,,"{'1. open': '305.7450', '2. high': '307.6190', '3. low': '303.6880', '4. close': '304.2540', '5. volume': '6378613'}"
2023-04-28 09:00:00,,"{'1. open': '303.2950', '2. high': '306.0250', '3. low': '302.0060', '4. close': '305.7180', '5. volume': '4542751'}"
2023-04-28 08:00:00,,"{'1. open': '303.0460', '2. high': '303.4650', '3. low': '301.8960', '4. close': '303.2980', '5. volume': '66256'}"
2023-04-28 07:00:00,,"{'1. open': '303.0160', '2. high': '303.2070', '3. low': '302.4440', '4. close': '302.8000', '5. volume': '23299'}"
2023-04-28 06:00:00,,"{'1. open': '302.8470', '2. high': '303.1580', '3. low': '302.6930', '4. close': '302.9000', '5. volume': '17896'}"
2023-04-28 05:00:00,,"{'1. open': '302.0510', '2. high': '303.2070', '3. low': '301.6970', '4. close': '302.7500', '5. volume': '29080'}"
2023-04-28 04:00:00,,"{'1. open': '302.9970', '2. high': '303.3370', '3. low': '301.8360', '4. close': '301.9340', '5. volume': '15280'}"
2023-04-27 19:00:00,,"{'1. open': '303.1960', '2. high': '303.7050', '3. low': '302.9420', '4. close': '303.3380', '5. volume': '28590'}"
2023-04-27 18:00:00,,"{'1. open': '302.4990', '2. high': '303.7050', '3. low': '302.4930', '4. close': '303.1990', '5. volume': '52034'}"
2023-04-27 17:00:00,,"{'1. open': '303.4250', '2. high': '303.5560', '3. low': '302.3940', '4. close': '302.4420', '5. volume': '48129'}"
2023-04-27 16:00:00,,"{'1. open': '303.5240', '2. high': '304.3620', '3. low': '302.4930', '4. close': '303.4370', '5. volume': '4677179'}"
2023-04-27 15:00:00,,"{'1. open': '302.7480', '2. high': '303.9040', '3. low': '302.6330', '4. close': '303.3780', '5. volume': '5934922'}"
2023-04-27 14:00:00,,"{'1. open': '301.9910', '2. high': '302.7990', '3. low': '301.9160', '4. close': '302.7500', '5. volume': '2617347'}"
2023-04-27 13:00:00,,"{'1. open': '301.3540', '2. high': '302.2320', '3. low': '300.8010', '4. close': '301.9840', '5. volume': '2250549'}"
2023-04-27 12:00:00,,"{'1. open': '301.4230', '2. high': '301.7830', '3. low': '301.1090', '4. close': '301.3540', '5. volume': '2354389'}"
2023-04-27 11:00:00,,"{'1. open': '301.3240', '2. high': '302.4610', '3. low': '300.7110', '4. close': '301.4210', '5. volume': '3618444'}"
2023-04-27 10:00:00,,"{'1. open': '299.0340', '2. high': '301.8730', '3. low': '298.8890', '4. close': '301.3170', '5. volume': '6669933'}"
2023-04-27 09:00:00,,"{'1. open': '293.7860', '2. high': '300.1210', '3. low': '293.3780', '4. close': '299.0410', '5. volume': '6496469'}"
2023-04-27 08:00:00,,"{'1. open': '293.5970', '2. high': '295.1020', '3. low': '293.3330', '4. close': '293.8390', '5. volume': '83283'}"
2023-04-27 07:00:00,,"{'1. open': '293.7360', '2. high': '294.5440', '3. low': '293.5820', '4. close': '293.9280', '5. volume': '16803'}"
2023-04-27 06:00:00,,"{'1. open': '293.3380', '2. high': '293.7480', '3. low': '293.3330', '4. close': '293.7390', '5. volume': '5027'}"
2023-04-27 05:00:00,,"{'1. open': '294.4430', '2. high': '294.5440', '3. low': '293.0840', '4. close': '293.3510', '5. volume': '12039'}"
2023-04-27 04:00:00,,"{'1. open': '295.1800', '2. high': '295.3410', '3. low': '294.1990', '4. close': '294.5160', '5. volume': '6712'}"
2023-04-26 19:00:00,,"{'1. open': '294.4830', '2. high': '294.6440', '3. low': '294.1300', '4. close': '294.6350', '5. volume': '20917'}"
2023-04-26 18:00:00,,"{'1. open': '294.8120', '2. high': '294.8230', '3. low': '294.2290', '4. close': '294.5260', '5. volume': '30669'}"
2023-04-26 17:00:00,,"{'1. open': '294.8330', '2. high': '295.1820', '3. low': '294.7770', '4. close': '294.8340', '5. volume': '15569'}"
2023-04-26 16:00:00,,"{'1. open': '294.1050', '2. high': '295.6300', '3. low': '293.5220', '4. close': '294.8940', '5. volume': '4988696'}"
2023-04-26 15:00:00,,"{'1. open': '294.1150', '2. high': '294.7830', '3. low': '293.8310', '4. close': '294.0880', '5. volume': '5021137'}"
2023-04-26 14:00:00,,"{'1. open': '294.8020', '2. high': '295.0720', '3. low': '293.3830', '4. close': '294.0880', '5. volume': '3195962'}"
2023-04-26 13:00:00,,"{'1. open': '295.6580', '2. high': '296.4940', '3. low': '293.9010', '4. close': '294.7770', '5. volume': '3343591'}"
2023-04-26 12:00:00,,"{'1. open': '297.3710', '2. high': '298.2980', '3. low': '295.4640', '4. close': '295.6660', '5. volume': '5478482'}"
2023-04-26 11:00:00,,"{'1. open': '294.8620', '2. high': '297.3920', '3. low': '294.1890', '4. close': '297.3810', '5. volume': '5933517'}"
2023-04-26 10:00:00,,"{'1. open': '293.5870', '2. high': '295.1520', '3. low': '292.2580', '4. close': '294.7850', '5. volume': '8669338'}"
2023-04-26 09:00:00,,"{'1. open': '296.9230', '2. high': '297.0240', '3. low': '291.4710', '4. close': '293.6300', '5. volume': '11219334'}"
2023-04-26 08:00:00,,"{'1. open': '295.5390', '2. high': '297.8300', '3. low': '292.9550', '4. close': '297.0250', '5. volume': '949103'}"
2023-04-26 07:00:00,,"{'1. open': '295.6080', '2. high': '296.0680', '3. low': '293.0140', '4. close': '295.2330', '5. volume': '419043'}"
2023-04-26 06:00:00,,"{'1. open': '296.2260', '2. high': '296.3760', '3. low': '294.7270', '4. close': '295.3520', '5. volume': '85113'}"
2023-04-26 05:00:00,,"{'1. open': '294.9110', '2. high': '296.7250', '3. low': '294.3880', '4. close': '296.2780', '5. volume': '110554'}"
2023-04-26 04:00:00,,"{'1. open': '295.4290', '2. high': '295.7390', '3. low': '294.0000', '4. close': '294.7650', '5. volume': '169429'}"
2023-04-25 19:00:00,,"{'1. open': '298.4260', '2. high': '298.6270', '3. low': '296.7480', '4. close': '297.4030', '5. volume': '410925'}"
2023-04-25 18:00:00,,"{'1. open': '293.3380', '2. high': '300.7180', '3. low': '289.7480', '4. close': '298.4690', '5. volume': '2592808'}"
2023-04-25 17:00:00,,"{'1. open': '287.8320', '2. high': '293.5090', '3. low': '287.2590', '4. close': '293.3810', '5. volume': '1142490'}"
2023-04-25 16:00:00,,"{'1. open': '274.3900', '2. high': '290.0630', '3. low': '273.9870', '4. close': '287.8050', '5. volume': '6710650'}"
2023-04-25 15:00:00,,"{'1. open': '275.6290', '2. high': '276.1830', '3. low': '274.1860', '4. close': '274.3820', '5. volume': '5935883'}"
2023-04-25 14:00:00,,"{'1. open': '276.6700', '2. high': '276.9490', '3. low': '275.0720', '4. close': '275.6370', '5. volume': '2908550'}"
2023-04-25 13:00:00,,"{'1. open': '276.7540', '2. high': '277.3280', '3. low': '276.0380', '4. close': '276.6620', '5. volume': '2145274'}"
2023-04-25 12:00:00,,"{'1. open': '277.0880', '2. high': '277.1880', '3. low': '275.8090', '4. close': '276.7570', '5. volume': '2417192'}"
2023-04-25 11:00:00,,"{'1. open': '278.5420', '2. high': '279.2890', '3. low': '276.4260', '4. close': '277.0810', '5. volume': '2786774'}"
2023-04-25 10:00:00,,"{'1. open': '279.5870', '2. high': '279.8170', '3. low': '277.5910', '4. close': '278.5340', '5. volume': '2874989'}"
2023-04-25 09:00:00,,"{'1. open': '278.9000', '2. high': '280.4050', '3. low': '277.6210', '4. close': '279.6200', '5. volume': '2441185'}"
2023-04-25 08:00:00,,"{'1. open': '279.6870', '2. high': '279.9170', '3. low': '277.8100', '4. close': '279.0520', '5. volume': '29312'}"
2023-04-25 07:00:00,,"{'1. open': '279.8960', '2. high': '280.0560', '3. low': '279.0150', '4. close': '279.0820', '5. volume': '18415'}"
2023-04-25 06:00:00,,"{'1. open': '279.5180', '2. high': '279.8070', '3. low': '279.3830', '4. close': '279.7990', '5. volume': '2917'}"
2023-04-25 05:00:00,,"{'1. open': '279.0990', '2. high': '279.2590', '3. low': '279.0950', '4. close': '279.2510', '5. volume': '553'}"
2023-04-25 04:00:00,,"{'1. open': '279.7760', '2. high': '279.7870', '3. low': '278.5870', '4. close': '279.0520', '5. volume': '15701'}"
2023-04-24 19:00:00,,"{'1. open': '280.1550', '2. high': '280.2750', '3. low': '279.9010', '4. close': '279.9080', '5. volume': '6676'}"
2023-04-24 18:00:00,,"{'1. open': '279.6770', '2. high': '280.2650', '3. low': '279.6720', '4. close': '280.2570', '5. volume': '10084'}"
2023-04-24 17:00:00,,"{'1. open': '280.1850', '2. high': '280.3150', '3. low': '279.4140', '4. close': '279.6700', '5. volume': '42406'}"
2023-04-24 16:00:00,,"{'1. open': '280.6630', '2. high': '281.1890', '3. low': '279.7920', '4. close': '280.2370', '5. volume': '2195198'}"
2023-04-24 15:00:00,,"{'1. open': '280.2740', '2. high': '280.7830', '3. low': '280.0400', '4. close': '280.6450', '5. volume': '2828264'}"
2023-04-24 14:00:00,,"{'1. open': '279.8060', '2. high': '280.7130', '3. low': '279.7520', '4. close': '280.2770', '5. volume': '1863851'}"
2023-04-24 13:00:00,,"{'1. open': '279.2790', '2. high': '279.9960', '3. low': '278.8060', '4. close': '279.8090', '5. volume': '1585401'}"
2023-04-24 12:00:00,,"{'1. open': '278.1930', '2. high': '279.3690', '3. low': '278.0490', '4. close': '279.2710', '5. volume': '2200052'}"
2023-04-24 11:00:00,,"{'1. open': '282.4050', '2. high': '282.6150', '3. low': '277.5210', '4. close': '278.1660', '5. volume': '3554776'}"
2023-04-24 10:00:00,,"{'1. open': '282.8130', '2. high': '283.0130', '3. low': '281.1850', '4. close': '282.4180', '5. volume': '2545726'}"
2023-04-24 09:00:00,,"{'1. open': '282.7740', '2. high': '283.7400', '3. low': '280.0440', '4. close': '282.8260', '5. volume': '2892659'}"
2023-04-24 08:00:00,,"{'1. open': '284.1280', '2. high': '284.5080', '3. low': '282.4800', '4. close': '282.7760', '5. volume': '70563'}"
2023-04-24 07:00:00,,"{'1. open': '284.1280', '2. high': '284.4870', '3. low': '282.4100', '4. close': '282.7760', '5. volume': '32081'}"
2023-04-24 06:00:00,,"{'1. open': '284.0180', '2. high': '284.0290', '3. low': '283.3760', '4. close': '283.6820', '5. volume': '6293'}"
2023-04-24 05:00:00,,"{'1. open': '283.5800', '2. high': '284.4770', '3. low': '283.5750', '4. close': '284.2800', '5. volume': '2067'}"
2023-04-24 04:00:00,,"{'1. open': '283.1320', '2. high': '284.0690', '3. low': '282.8780', '4. close': '283.2240', '5. volume': '5548'}"
2023-04-21 19:00:00,,"{'1. open': '284.1280', '2. high': '284.1690', '3. low': '283.7740', '4. close': '284.1200', '5. volume': '5681'}"
2023-04-21 18:00:00,,"{'1. open': '284.5560', '2. high': '284.6360', '3. low': '284.1230', '4. close': '284.1300', '5. volume': '2511'}"
2023-04-21 17:00:00,,"{'1. open': '284.5260', '2. high': '284.5670', '3. low': '284.3820', '4. close': '284.5590', '5. volume': '104678'}"
2023-04-21 16:00:00,,"{'1. open': '284.5760', '2. high': '284.6270', '3. low': '284.2820', '4. close': '284.3690', '5. volume': '2979413'}"
2023-04-21 15:00:00,,"{'1. open': '284.3770', '2. high': '284.7060', '3. low': '283.7840', '4. close': '284.5680', '5. volume': '2049024'}"
2023-04-21 14:00:00,,"{'1. open': '284.5460', '2. high': '285.0550', '3. low': '284.2220', '4. close': '284.3890', '5. volume': '1149136'}"
2023-04-21 13:00:00,,"{'1. open': '283.8490', '2. high': '284.6660', '3. low': '283.5850', '4. close': '284.5390', '5. volume': '1116452'}"
2023-04-21 12:00:00,,"{'1. open': '284.3970', '2. high': '284.7260', '3. low': '283.5650', '4. close': '283.8710', '5. volume': '1038023'}"
2023-04-21 11:00:00,,"{'1. open': '282.9630', '2. high': '284.6760', '3. low': '282.9580', '4. close': '284.3990', '5. volume': '1787583'}"
2023-04-21 10:00:00,,"{'1. open': '281.9670', '2. high': '284.0290', '3. low': '281.8630', '4. close': '282.9350', '5. volume': '2499381'}"
2023-04-21 09:00:00,,"{'1. open': '284.1680', '2. high': '284.3180', '3. low': '281.8430', '4. close': '281.9800', '5. volume': '2851476'}"
2023-04-21 08:00:00,,"{'1. open': '284.4360', '2. high': '285.2340', '3. low': '282.0820', '4. close': '283.9310', '5. volume': '58304'}"
2023-04-21 07:00:00,,"{'1. open': '284.2770', '2. high': '284.4080', '3. low': '282.1310', '4. close': '282.3680', '5. volume': '29368'}"
2023-04-21 06:00:00,,"{'1. open': '284.6360', '2. high': '284.7860', '3. low': '284.1830', '4. close': '284.1900', '5. volume': '4892'}"
2023-04-21 05:00:00,,"{'1. open': '285.2230', '2. high': '285.4830', '3. low': '285.0690', '4. close': '285.4750', '5. volume': '3062'}"
2023-04-21 04:00:00,,"{'1. open': '285.2530', '2. high': '285.2640', '3. low': '284.8500', '4. close': '285.1260', '5. volume': '2930'}"
2023-04-20 19:00:00,,"{'1. open': '285.3720', '2. high': '285.4130', '3. low': '284.7100', '4. close': '284.7280', '5. volume': '15162'}"
2023-04-20 18:00:00,,"{'1. open': '285.0640', '2. high': '285.2840', '3. low': '284.9690', '4. close': '285.2750', '5. volume': '7309'}"
2023-04-20 17:00:00,,"{'1. open': '285.1040', '2. high': '285.2340', '3. low': '284.8800', '4. close': '285.1660', '5. volume': '8662'}"
2023-04-20 16:00:00,,"{'1. open': '284.8840', '2. high': '285.3830', '3. low': '284.7200', '4. close': '285.1060', '5. volume': '3712092'}"
2023-04-20 15:00:00,,"{'1. open': '285.2130', '2. high': '285.4130', '3. low': '283.8540', '4. close': '284.8870', '5. volume': '2939271'}"
2023-04-20 14:00:00,,"{'1. open': '287.0650', '2. high': '287.2250', '3. low': '284.6800', '4. close': '285.2060', '5. volume': '2071146'}"
2023-04-20 13:00:00,,"{'1. open': '287.1950', '2. high': '287.8030', '3. low': '286.9610', '4. close': '287.0880', '5. volume': '1217271'}"
2023-04-20 12:00:00,,"{'1. open': '286.0590', '2. high': '287.2030', '3. low': '285.3870', '4. close': '287.1820', '5. volume': '1412719'}"
2023-04-20 11:00:00,,"{'1. open': '285.5320', '2. high': '286.2800', '3. low': '285.0390', '4. close': '286.0620', '5. volume': '1441619'}"
2023-04-20 10:00:00,,"{'1. open': '285.7610', '2. high': '286.4890', '3. low': '285.0690', '4. close': '285.5140', '5. volume': '2063728'}"
2023-04-20 09:00:00,,"{'1. open': '285.3230', '2. high': '286.0210', '3. low': '283.8740', '4. close': '285.7780', '5. volume': '2226344'}"
2023-04-20 08:00:00,,"{'1. open': '286.9660', '2. high': '286.9770', '3. low': '283.8640', '4. close': '285.5240', '5. volume': '49040'}"
2023-04-20 07:00:00,,"{'1. open': '284.9740', '2. high': '285.1740', '3. low': '284.4220', '4. close': '284.4290', '5. volume': '10948'}"
2023-04-20 06:00:00,,"{'1. open': '284.4260', '2. high': '284.4870', '3. low': '284.1130', '4. close': '284.4790', '5. volume': '823'}"
2023-04-20 05:00:00,,"{'1. open': '283.8090', '2. high': '284.4370', '3. low': '283.5350', '4. close': '284.4290', '5. volume': '1857'}"
2023-04-20 04:00:00,,"{'1. open': '284.9240', '2. high': '284.9350', '3. low': '283.3460', '4. close': '283.7920', '5. volume': '6081'}"
2023-04-19 19:00:00,,"{'1. open': '286.5170', '2. high': '286.7670', '3. low': '285.9750', '4. close': '286.0420', '5. volume': '14507'}"
2023-04-19 18:00:00,,"{'1. open': '286.8860', '2. high': '286.9070', '3. low': '286.5120', '4. close': '286.5200', '5. volume': '9424'}"
2023-04-19 17:00:00,,"{'1. open': '287.0450', '2. high': '287.0560', '3. low': '286.5820', '4. close': '286.5900', '5. volume': '6413'}"
2023-04-19 16:00:00,,"{'1. open': '287.2140', '2. high': '287.2350', '3. low': '286.5320', '4. close': '287.2170', '5. volume': '1994295'}"
2023-04-19 15:00:00,,"{'1. open': '287.4430', '2. high': '287.4940', '3. low': '286.8110', '4. close': '287.1970', '5. volume': '1569133'}"
2023-04-19 14:00:00,,"{'1. open': '287.2840', '2. high': '287.7030', '3. low': '286.5220', '4. close': '287.4460', '5. volume': '1194383'}"
2023-04-19 13:00:00,,"{'1. open': '287.2290', '2. high': '287.5840', '3. low': '286.6820', '4. close': '287.2820', '5. volume': '1008805'}"
2023-04-19 12:00:00,,"{'1. open': '286.7070', '2. high': '287.8230', '3. low': '286.6320', '4. close': '287.2370', '5. volume': '1567524'}"
2023-04-19 11:00:00,,"{'1. open': '285.6710', '2. high': '286.7870', '3. low': '285.6660', '4. close': '286.6840', '5. volume': '1571092'}"
2023-04-19 10:00:00,,"{'1. open': '284.0180', '2. high': '285.7620', '3. low': '283.9240', '4. close': '285.6540', '5. volume': '1797586'}"
2023-04-19 09:00:00,,"{'1. open': '284.8940', '2. high': '285.7620', '3. low': '283.3160', '4. close': '284.0310', '5. volume': '2199508'}"
2023-04-19 08:00:00,,"{'1. open': '286.4180', '2. high': '287.0560', '3. low': '284.6310', '4. close': '284.7780', '5. volume': '31193'}"
2023-04-19 07:00:00,,"{'1. open': '285.1230', '2. high': '285.6420', '3. low': '285.0790', '4. close': '285.2750', '5. volume': '8962'}"
2023-04-19 06:00:00,,"{'1. open': '284.7750', '2. high': '285.3140', '3. low': '284.7700', '4. close': '285.2560', '5. volume': '3958'}"
2023-04-19 05:00:00,,"{'1. open': '285.4720', '2. high': '285.4830', '3. low': '284.6210', '4. close': '284.6280', '5. volume': '3997'}"
2023-04-19 04:00:00,,"{'1. open': '286.2780', '2. high': '286.2890', '3. low': '285.4570', '4. close': '285.6240', '5. volume': '4748'}"
2023-04-18 19:00:00,,"{'1. open': '286.9160', '2. high': '286.9270', '3. low': '286.5120', '4. close': '286.7690', '5. volume': '3198'}"
2023-04-18 18:00:00,,"{'1. open': '286.5170', '2. high': '286.9270', '3. low': '286.4630', '4. close': '286.9180', '5. volume': '4110'}"
2023-04-18 17:00:00,,"{'1. open': '286.7930', '2. high': '287.1460', '3. low': '286.6220', '4. close': '286.6300', '5. volume': '4883'}"
2023-04-18 16:00:00,,"{'1. open': '287.0350', '2. high': '287.4050', '3. low': '286.3630', '4. close': '286.7890', '5. volume': '3297882'}"
2023-04-18 15:00:00,,"{'1. open': '286.5570', '2. high': '287.4840', '3. low': '286.3030', '4. close': '287.0480', '5. volume': '1971579'}"
2023-04-18 14:00:00,,"{'1. open': '286.6170', '2. high': '287.2750', '3. low': '286.0840', '4. close': '286.5400', '5. volume': '1304086'}"
2023-04-18 13:00:00,,"{'1. open': '286.5170', '2. high': '287.3050', '3. low': '286.4130', '4. close': '286.6200', '5. volume': '1216215'}"
2023-04-18 12:00:00,,"{'1. open': '286.0990', '2. high': '286.8070', '3. low': '285.9850', '4. close': '286.5000', '5. volume': '1151994'}"
2023-04-18 11:00:00,,"{'1. open': '286.4480', '2. high': '287.0260', '3. low': '285.9450', '4. close': '286.1220', '5. volume': '1430151'}"
2023-04-18 10:00:00,,"{'1. open': '288.5690', '2. high': '288.6690', '3. low': '285.7760', '4. close': '286.4700', '5. volume': '2443651'}"
2023-04-18 09:00:00,,"{'1. open': '289.6140', '2. high': '291.5570', '3. low': '287.9660', '4. close': '288.5810', '5. volume': '2630898'}"
2023-04-18 08:00:00,,"{'1. open': '289.2160', '2. high': '289.6950', '3. low': '287.5080', '4. close': '289.5720', '5. volume': '40098'}"
2023-04-18 07:00:00,,"{'1. open': '289.3650', '2. high': '289.6150', '3. low': '288.7730', '4. close': '289.1390', '5. volume': '23292'}"
2023-04-18 06:00:00,,"{'1. open': '289.6540', '2. high': '289.8440', '3. low': '289.1510', '4. close': '289.1590', '5. volume': '6051'}"
2023-04-18 05:00:00,,"{'1. open': '289.0660', '2. high': '290.1430', '3. low': '288.8520', '4. close': '289.7060', '5. volume': '7789'}"
2023-04-18 04:00:00,,"{'1. open': '287.7120', '2. high': '289.4560', '3. low': '287.7070', '4. close': '289.2090', '5. volume': '4433'}"
2023-04-17 19:00:00,,"{'1. open': '287.0150', '2. high': '287.0860', '3. low': '286.8710', '4. close': '286.9680', '5. volume': '5099'}"
2023-04-17 18:00:00,,"{'1. open': '287.1750', '2. high': '287.1860', '3. low': '287.0100', '4. close': '287.0180', '5. volume': '7545'}"
2023-04-17 17:00:00,,"{'1. open': '287.2640', '2. high': '287.5740', '3. low': '287.1500', '4. close': '287.1570', '5. volume': '15118'}"
2023-04-17 16:00:00,,"{'1. open': '287.5630', '2. high': '287.5740', '3. low': '287.2090', '4. close': '287.2670', '5. volume': '3986316'}"
2023-04-17 15:00:00,,"{'1. open': '286.3580', '2. high': '287.6040', '3. low': '286.0940', '4. close': '287.5560', '5. volume': '2608955'}"
2023-04-17 14:00:00,,"{'1. open': '285.3430', '2. high': '286.4790', '3. low': '285.1980', '4. close': '286.3670', '5. volume': '1463718'}"
2023-04-17 13:00:00,,"{'1. open': '285.8400', '2. high': '286.1100', '3. low': '285.2180', '4. close': '285.3450', '5. volume': '1438388'}"
2023-04-17 12:00:00,,"{'1. open': '285.8500', '2. high': '285.9810', '3. low': '284.9290', '4. close': '285.8330', '5. volume': '1475206'}"
2023-04-17 11:00:00,,"{'1. open': '286.2390', '2. high': '287.2060', '3. low': '285.5170', '4. close': '285.8430', '5. volume': '1781187'}"
2023-04-17 10:00:00,,"{'1. open': '287.4040', '2. high': '288.1020', '3. low': '285.8700', '4. close': '286.2360', '5. volume': '2416739'}"
2023-04-17 09:00:00,,"{'1. open': '289.3850', '2. high': '290.3620', '3. low': '286.7220', '4. close': '287.4060', '5. volume': '3391363'}"
2023-04-17 08:00:00,,"{'1. open': '290.1040', '2. high': '291.2090', '3. low': '284.1970', '4. close': '289.2580', '5. volume': '230499'}"
2023-04-17 07:00:00,,"{'1. open': '289.2560', '2. high': '290.4120', '3. low': '288.8520', '4. close': '290.2540', '5. volume': '85322'}"
2023-04-17 06:00:00,,"{'1. open': '286.7860', '2. high': '289.7650', '3. low': '286.7810', '4. close': '289.2190', '5. volume': '22643'}"
2023-04-17 05:00:00,,"{'1. open': '287.1350', '2. high': '287.3350', '3. low': '286.3130', '4. close': '286.6200', '5. volume': '7445'}"
2023-04-17 04:00:00,,"{'1. open': '286.6570', '2. high': '288.7690', '3. low': '285.7660', '4. close': '286.8190', '5. volume': '9456'}"
2023-04-14 19:00:00,,"{'1. open': '284.9840', '2. high': '285.4330', '3. low': '284.9090', '4. close': '285.2750', '5. volume': '8808'}"
2023-04-14 18:00:00,,"{'1. open': '285.0040', '2. high': '285.1840', '3. low': '284.9690', '4. close': '285.1760', '5. volume': '778'}"
2023-04-14 17:00:00,,"{'1. open': '285.2030', '2. high': '285.3630', '3. low': '284.9290', '4. close': '284.9370', '5. volume': '6929'}"
2023-04-14 16:00:00,,"{'1. open': '284.9140', '2. high': '285.5330', '3. low': '284.8890', '4. close': '285.2850', '5. volume': '2293731'}"
2023-04-14 15:00:00,,"{'1. open': '284.5760', '2. high': '285.2040', '3. low': '283.3960', '4. close': '284.9070', '5. volume': '2634685'}"
2023-04-14 14:00:00,,"{'1. open': '283.7390', '2. high': '284.8260', '3. low': '283.3660', '4. close': '284.5590', '5. volume': '1396954'}"
2023-04-14 13:00:00,,"{'1. open': '282.9630', '2. high': '284.0090', '3. low': '282.4700', '4. close': '283.7150', '5. volume': '2061479'}"
2023-04-14 12:00:00,,"{'1. open': '285.0290', '2. high': '285.1000', '3. low': '282.8480', '4. close': '282.9750', '5. volume': '1820999'}"
2023-04-14 11:00:00,,"{'1. open': '285.1040', '2. high': '286.0900', '3. low': '284.4810', '4. close': '285.0360', '5. volume': '1412642'}"
2023-04-14 10:00:00,,"{'1. open': '286.5970', '2. high': '287.2550', '3. low': '284.2420', '4. close': '285.0660', '5. volume': '2218861'}"
2023-04-14 09:00:00,,"{'1. open': '285.5910', '2. high': '287.1350', '3. low': '285.2080', '4. close': '286.6200', '5. volume': '2174701'}"
2023-04-14 08:00:00,,"{'1. open': '287.0650', '2. high': '288.7690', '3. low': '285.2480', '4. close': '285.5940', '5. volume': '75705'}"
2023-04-14 07:00:00,,"{'1. open': '287.1650', '2. high': '287.4740', '3. low': '286.1940', '4. close': '286.4400', '5. volume': '22725'}"
2023-04-14 06:00:00,,"{'1. open': '287.7620', '2. high': '288.1220', '3. low': '286.2640', '4. close': '286.7690', '5. volume': '10168'}"
2023-04-14 05:00:00,,"{'1. open': '288.1110', '2. high': '288.2710', '3. low': '288.0060', '4. close': '288.0140', '5. volume': '705'}"
2023-04-14 04:00:00,,"{'1. open': '288.6580', '2. high': '288.6690', '3. low': '288.0660', '4. close': '288.2130', '5. volume': '3014'}"
2023-04-13 19:00:00,,"{'1. open': '288.4790', '2. high': '288.5700', '3. low': '288.4140', '4. close': '288.4720', '5. volume': '7947'}"
2023-04-13 18:00:00,,"{'1. open': '288.3300', '2. high': '288.4240', '3. low': '288.1160', '4. close': '288.3820', '5. volume': '6350'}"
2023-04-13 17:00:00,,"{'1. open': '288.0910', '2. high': '288.6100', '3. low': '288.0860', '4. close': '288.4810', '5. volume': '10782'}"
2023-04-13 16:00:00,,"{'1. open': '288.5890', '2. high': '289.0880', '3. low': '288.0960', '4. close': '288.1130', '5. volume': '4709443'}"
2023-04-13 15:00:00,,"{'1. open': '287.5330', '2. high': '288.6690', '3. low': '287.3590', '4. close': '288.6310', '5. volume': '3721550'}"
2023-04-13 14:00:00,,"{'1. open': '287.2840', '2. high': '287.6740', '3. low': '287.0100', '4. close': '287.5260', '5. volume': '1424731'}"
2023-04-13 13:00:00,,"{'1. open': '286.6670', '2. high': '287.3530', '3. low': '286.3330', '4. close': '287.2620', '5. volume': '1723457'}"
2023-04-13 12:00:00,,"{'1. open': '286.2690', '2. high': '286.7970', '3. low': '286.1140', '4. close': '286.6610', '5. volume': '996648'}"
2023-04-13 11:00:00,,"{'1. open': '286.3830', '2. high': '286.9670', '3. low': '285.8550', '4. close': '286.2810', '5. volume': '1597858'}"
2023-04-13 10:00:00,,"{'1. open': '284.5660', '2. high': '286.8170', '3. low': '284.5010', '4. close': '286.3710', '5. volume': '2961625'}"
2023-04-13 09:00:00,,"{'1. open': '282.4450', '2. high': '284.9850', '3. low': '281.3650', '4. close': '284.5540', '5. volume': '2328595'}"
2023-04-13 08:00:00,,"{'1. open': '282.5880', '2. high': '283.0230', '3. low': '281.4750', '4. close': '282.2940', '5. volume': '60559'}"
2023-04-13 07:00:00,,"{'1. open': '282.4550', '2. high': '282.7550', '3. low': '281.9320', '4. close': '281.9400', '5. volume': '12098'}"
2023-04-13 06:00:00,,"{'1. open': '283.2120', '2. high': '283.2230', '3. low': '282.4400', '4. close': '282.4480', '5. volume': '1336'}"
2023-04-13 05:00:00,,"{'1. open': '282.5840', '2. high': '283.7700', '3. low': '282.5790', '4. close': '283.2740', '5. volume': '3254'}"
2023-04-13 04:00:00,,"{'1. open': '282.7740', '2. high': '283.4910', '3. low': '282.2710', '4. close': '282.4080', '5. volume': '4084'}"
2023-04-12 19:00:00,,"{'1. open': '281.5390', '2. high': '281.7790', '3. low': '281.4440', '4. close': '281.6310', '5. volume': '8496'}"
2023-04-12 18:00:00,,"{'1. open': '281.5690', '2. high': '281.7590', '3. low': '281.4540', '4. close': '281.5410', '5. volume': '16161'}"
2023-04-12 17:00:00,,"{'1. open': '281.8480', '2. high': '281.8580', '3. low': '281.3550', '4. close': '281.5710', '5. volume': '12762'}"
2023-04-12 16:00:00,,"{'1. open': '282.2760', '2. high': '282.2870', '3. low': '281.7830', '4. close': '281.9000', '5. volume': '3374928'}"
2023-04-12 15:00:00,,"{'1. open': '283.4950', '2. high': '283.8400', '3. low': '281.7530', '4. close': '282.3880', '5. volume': '3978514'}"
2023-04-12 14:00:00,,"{'1. open': '285.1330', '2. high': '285.6120', '3. low': '283.0470', '4. close': '283.5190', '5. volume': '2414107'}"
2023-04-12 13:00:00,,"{'1. open': '284.7250', '2. high': '285.7920', '3. low': '284.1530', '4. close': '285.1260', '5. volume': '1621429'}"
2023-04-12 12:00:00,,"{'1. open': '283.8490', '2. high': '284.8160', '3. low': '283.6850', '4. close': '284.7280', '5. volume': '1204434'}"
2023-04-12 11:00:00,,"{'1. open': '282.0770', '2. high': '284.0390', '3. low': '281.8130', '4. close': '283.8530', '5. volume': '1933110'}"
2023-04-12 10:00:00,,"{'1. open': '282.1560', '2. high': '284.8360', '3. low': '282.0520', '4. close': '282.0690', '5. volume': '3470635'}"
2023-04-12 09:00:00,,"{'1. open': '283.7830', '2. high': '284.7750', '3. low': '280.7470', '4. close': '282.1690', '5. volume': '3090656'}"
2023-04-12 08:00:00,,"{'1. open': '282.4850', '2. high': '286.1600', '3. low': '281.2850', '4. close': '284.0210', '5. volume': '208577'}"
2023-04-12 07:00:00,,"{'1. open': '281.9170', '2. high': '282.2970', '3. low': '281.3850', '4. close': '282.1890', '5. volume': '12611'}"
2023-04-12 06:00:00,,"{'1. open': '282.0170', '2. high': '282.0670', '3. low': '281.7930', '4. close': '281.8400', '5. volume': '2817'}"
2023-04-12 05:00:00,,"{'1. open': '281.7880', '2. high': '282.0280', '3. low': '281.6830', '4. close': '281.8900', '5. volume': '3331'}"
2023-04-12 04:00:00,,"{'1. open': '281.4790', '2. high': '282.0280', '3. low': '281.4740', '4. close': '282.0190', '5. volume': '1662'}"
2023-04-11 19:00:00,,"{'1. open': '281.7880', '2. high': '282.0480', '3. low': '281.6140', '4. close': '281.7310', '5. volume': '9353'}"
2023-04-11 18:00:00,,"{'1. open': '281.5890', '2. high': '281.9580', '3. low': '281.5840', '4. close': '281.7900', '5. volume': '4356'}"
2023-04-11 17:00:00,,"{'1. open': '281.8180', '2. high': '281.9880', '3. low': '281.6140', '4. close': '281.6380', '5. volume': '23390'}"
2023-04-11 16:00:00,,"{'1. open': '281.6190', '2. high': '282.1970', '3. low': '281.4840', '4. close': '281.9900', '5. volume': '2690851'}"
2023-04-11 15:00:00,,"{'1. open': '282.8930', '2. high': '282.9330', '3. low': '281.1660', '4. close': '281.6610', '5. volume': '2998467'}"
2023-04-11 14:00:00,,"{'1. open': '282.3850', '2. high': '282.9640', '3. low': '281.8920', '4. close': '282.8860', '5. volume': '1540872'}"
2023-04-11 13:00:00,,"{'1. open': '282.4350', '2. high': '282.5950', '3. low': '281.4540', '4. close': '282.3780', '5. volume': '1470780'}"
2023-04-11 12:00:00,,"{'1. open': '281.5690', '2. high': '282.6350', '3. low': '281.5640', '4. close': '282.4230', '5. volume': '2035698'}"
2023-04-11 11:00:00,,"{'1. open': '281.5490', '2. high': '281.9080', '3. low': '280.4290', '4. close': '281.5810', '5. volume': '2882237'}"
2023-04-11 10:00:00,,"{'1. open': '282.7440', '2. high': '282.8940', '3. low': '281.2150', '4. close': '281.5520', '5. volume': '3090825'}"
2023-04-11 09:00:00,,"{'1. open': '282.9730', '2. high': '284.7660', '3. low': '281.7230', '4. close': '282.7710', '5. volume': '4001318'}"
2023-04-11 08:00:00,,"{'1. open': '283.3310', '2. high': '288.4000', '3. low': '282.7590', '4. close': '282.9850', '5. volume': '126193'}"
2023-04-11 07:00:00,,"{'1. open': '285.4720', '2. high': '285.5820', '3. low': '282.6290', '4. close': '283.4530', '5. volume': '73636'}"
2023-04-11 06:00:00,,"{'1. open': '286.7660', '2. high': '287.0260', '3. low': '284.6700', '4. close': '285.2750', '5. volume': '20708'}"
2023-04-11 05:00:00,,"{'1. open': '287.9610', '2. high': '287.9720', '3. low': '286.5620', '4. close': '286.7690', '5. volume': '22200'}"
2023-04-11 04:00:00,,"{'1. open': '287.6820', '2. high': '288.0020', '3. low': '287.2190', '4. close': '287.7650', '5. volume': '8812'}"
2023-04-10 19:00:00,,"{'1. open': '287.4630', '2. high': '287.7830', '3. low': '287.4480', '4. close': '287.4560', '5. volume': '9045'}"
2023-04-10 18:00:00,,"{'1. open': '287.3640', '2. high': '287.6540', '3. low': '287.2790', '4. close': '287.5160', '5. volume': '8099'}"
2023-04-10 17:00:00,,"{'1. open': '287.4140', '2. high': '287.4740', '3. low': '287.0720', '4. close': '287.4160', '5. volume': '9641'}"
2023-04-10 16:00:00,,"{'1. open': '288.1500', '2. high': '288.2610', '3. low': '287.2090', '4. close': '287.4560', '5. volume': '2556829'}"
2023-04-10 15:00:00,,"{'1. open': '288.2300', '2. high': '288.3710', '3. low': '287.2000', '4. close': '288.1530', '5. volume': '2576223'}"
2023-04-10 14:00:00,,"{'1. open': '287.1150', '2. high': '288.2610', '3. low': '286.9510', '4. close': '288.2130', '5. volume': '1672325'}"
2023-04-10 13:00:00,,"{'1. open': '287.0420', '2. high': '287.6910', '3. low': '286.8360', '4. close': '287.1130', '5. volume': '1337814'}"
2023-04-10 12:00:00,,"{'1. open': '285.7210', '2. high': '287.3650', '3. low': '284.7000', '4. close': '287.0530', '5. volume': '1642674'}"
2023-04-10 11:00:00,,"{'1. open': '285.0940', '2. high': '286.7180', '3. low': '285.0590', '4. close': '285.7060', '5. volume': '1993528'}"
2023-04-10 10:00:00,,"{'1. open': '284.2870', '2. high': '285.9110', '3. low': '283.4860', '4. close': '285.0760', '5. volume': '3307368'}"
2023-04-10 09:00:00,,"{'1. open': '288.4490', '2. high': '288.7690', '3. low': '283.8840', '4. close': '284.2700', '5. volume': '3296836'}"
2023-04-10 08:00:00,,"{'1. open': '289.9530', '2. high': '290.2630', '3. low': '287.7670', '4. close': '288.4820', '5. volume': '94907'}"
2023-04-10 07:00:00,,"{'1. open': '290.2120', '2. high': '290.2230', '3. low': '288.7530', '4. close': '289.4080', '5. volume': '14216'}"
2023-04-10 06:00:00,,"{'1. open': '290.1520', '2. high': '290.6110', '3. low': '290.0470', '4. close': '290.1840', '5. volume': '10069'}"
2023-04-10 05:00:00,,"{'1. open': '289.9830', '2. high': '290.0830', '3. low': '289.9080', '4. close': '290.0750', '5. volume': '965'}"
2023-04-10 04:00:00,,"{'1. open': '289.8130', '2. high': '290.0630', '3. low': '289.4500', '4. close': '289.7560', '5. volume': '7018'}"
2023-04-06 19:00:00,,"{'1. open': '290.3510', '2. high': '290.6210', '3. low': '290.1570', '4. close': '290.3540', '5. volume': '14116'}"
2023-04-06 18:00:00,,"{'1. open': '290.5700', '2. high': '290.5810', '3. low': '290.2070', '4. close': '290.3440', '5. volume': '15406'}"
2023-04-06 17:00:00,,"{'1. open': '290.4700', '2. high': '290.7070', '3. low': '290.4650', '4. close': '290.5730', '5. volume': '29414'}"
2023-04-06 16:00:00,,"{'1. open': '290.3010', '2. high': '290.5710', '3. low': '290.2760', '4. close': '290.4640', '5. volume': '3997358'}"
2023-04-06 15:00:00,,"{'1. open': '289.3150', '2. high': '290.8400', '3. low': '289.2810', '4. close': '290.3240', '5. volume': '5306844'}"
2023-04-06 14:00:00,,"{'1. open': '289.1310', '2. high': '289.8340', '3. low': '289.0120', '4. close': '289.3280', '5. volume': '2699425'}"
2023-04-06 13:00:00,,"{'1. open': '286.7460', '2. high': '289.4060', '3. low': '286.5120', '4. close': '289.0840', '5. volume': '2899303'}"
2023-04-06 12:00:00,,"{'1. open': '285.1930', '2. high': '287.3150', '3. low': '285.1880', '4. close': '286.7390', '5. volume': '2590358'}"
2023-04-06 11:00:00,,"{'1. open': '282.1760', '2. high': '285.2440', '3. low': '281.8920', '4. close': '285.1940', '5. volume': '1763304'}"
2023-04-06 10:00:00,,"{'1. open': '282.3350', '2. high': '283.4710', '3. low': '281.5340', '4. close': '282.1390', '5. volume': '2193751'}"
2023-04-06 09:00:00,,"{'1. open': '281.1010', '2. high': '282.5160', '3. low': '280.6380', '4. close': '282.3380', '5. volume': '1736782'}"
2023-04-06 08:00:00,,"{'1. open': '281.5490', '2. high': '282.3030', '3. low': '280.8570', '4. close': '280.9480', '5. volume': '51858'}"
2023-04-06 07:00:00,,"{'1. open': '281.5590', '2. high': '282.2670', '3. low': '281.2650', '4. close': '282.0690', '5. volume': '16971'}"
2023-04-06 06:00:00,,"{'1. open': '280.3440', '2. high': '281.3210', '3. low': '279.9410', '4. close': '281.2930', '5. volume': '11204'}"
2023-04-06 05:00:00,,"{'1. open': '283.4010', '2. high': '283.4120', '3. low': '280.2590', '4. close': '280.2870', '5. volume': '12313'}"
2023-04-06 04:00:00,,"{'1. open': '283.0920', '2. high': '283.6510', '3. low': '282.9780', '4. close': '283.0650', '5. volume': '3816'}"
2023-04-05 19:00:00,,"{'1. open': '282.9430', '2. high': '283.0930', '3. low': '282.9080', '4. close': '283.0350', '5. volume': '20842'}"
2023-04-05 18:00:00,,"{'1. open': '282.7840', '2. high': '282.9840', '3. low': '282.7790', '4. close': '282.9750', '5. volume': '15761'}"
2023-04-05 17:00:00,,"{'1. open': '282.9700', '2. high': '282.9940', '3. low': '282.7090', '4. close': '282.7160', '5. volume': '4036'}"
2023-04-05 16:00:00,,"{'1. open': '283.1220', '2. high': '283.1830', '3. low': '282.8080', '4. close': '282.9160', '5. volume': '2856195'}"
2023-04-05 15:00:00,,"{'1. open': '282.9730', '2. high': '283.5610', '3. low': '282.4500', '4. close': '283.1250', '5. volume': '2643286'}"
2023-04-05 14:00:00,,"{'1. open': '282.6840', '2. high': '283.3720', '3. low': '282.5400', '4. close': '282.9750', '5. volume': '1326511'}"
2023-04-05 13:00:00,,"{'1. open': '282.2360', '2. high': '282.7550', '3. low': '281.7030', '4. close': '282.6870', '5. volume': '1369735'}"
2023-04-05 12:00:00,,"{'1. open': '282.9630', '2. high': '283.0730', '3. low': '281.7330', '4. close': '282.2580', '5. volume': '1615914'}"
2023-04-05 11:00:00,,"{'1. open': '282.3350', '2. high': '283.1230', '3. low': '282.1110', '4. close': '282.9650', '5. volume': '2188607'}"
2023-04-05 10:00:00,,"{'1. open': '284.4760', '2. high': '285.0850', '3. low': '282.0920', '4. close': '282.3680', '5. volume': '2671733'}"
2023-04-05 09:00:00,,"{'1. open': '285.4520', '2. high': '285.9310', '3. low': '283.5950', '4. close': '284.4790', '5. volume': '2481953'}"
2023-04-05 08:00:00,,"{'1. open': '285.1330', '2. high': '286.1300', '3. low': '284.9690', '4. close': '285.3150', '5. volume': '30020'}"
2023-04-05 07:00:00,,"{'1. open': '285.9300', '2. high': '285.9810', '3. low': '285.1680', '4. close': '285.6240', '5. volume': '15329'}"
2023-04-05 06:00:00,,"{'1. open': '285.7510', '2. high': '285.9610', '3. low': '285.4870', '4. close': '285.9530', '5. volume': '3820'}"
2023-04-05 05:00:00,,"{'1. open': '285.2730', '2. high': '285.7720', '3. low': '285.2580', '4. close': '285.6540', '5. volume': '1776'}"
2023-04-05 04:00:00,,"{'1. open': '286.3180', '2. high': '286.6480', '3. low': '285.4170', '4. close': '285.4250', '5. volume': '4010'}"
2023-04-04 19:00:00,,"{'1. open': '286.1690', '2. high': '286.6580', '3. low': '285.9650', '4. close': '286.6400', '5. volume': '9761'}"
2023-04-04 18:00:00,,"{'1. open': '285.9700', '2. high': '286.2990', '3. low': '285.9350', '4. close': '286.1720', '5. volume': '9657'}"
2023-04-04 17:00:00,,"{'1. open': '286.0400', '2. high': '286.0510', '3. low': '285.8650', '4. close': '285.9720', '5. volume': '2565'}"
2023-04-04 16:00:00,,"{'1. open': '286.0200', '2. high': '286.2600', '3. low': '285.6160', '4. close': '285.9920', '5. volume': '3570978'}"
2023-04-04 15:00:00,,"{'1. open': '284.9440', '2. high': '286.0600', '3. low': '284.4410', '4. close': '286.0120', '5. volume': '3031766'}"
2023-04-04 14:00:00,,"{'1. open': '286.6370', '2. high': '286.8270', '3. low': '284.8700', '4. close': '284.9670', '5. volume': '1537972'}"
2023-04-04 13:00:00,,"{'1. open': '286.8260', '2. high': '287.2350', '3. low': '286.3630', '4. close': '286.6500', '5. volume': '1425539'}"
2023-04-04 12:00:00,,"{'1. open': '287.8520', '2. high': '287.9720', '3. low': '286.5870', '4. close': '286.8190', '5. volume': '1569581'}"
2023-04-04 11:00:00,,"{'1. open': '287.8920', '2. high': '288.3810', '3. low': '286.5320', '4. close': '287.8340', '5. volume': '2709714'}"
2023-04-04 10:00:00,,"{'1. open': '287.4530', '2. high': '289.2170', '3. low': '287.0760', '4. close': '287.9040', '5. volume': '3695595'}"
2023-04-04 09:00:00,,"{'1. open': '287.0250', '2. high': '288.3910', '3. low': '285.0990', '4. close': '287.4560', '5. volume': '2745654'}"
2023-04-04 08:00:00,,"{'1. open': '288.2400', '2. high': '288.6570', '3. low': '284.5110', '4. close': '287.0880', '5. volume': '61535'}"
2023-04-04 07:00:00,,"{'1. open': '287.8120', '2. high': '288.6490', '3. low': '287.8070', '4. close': '288.0630', '5. volume': '44716'}"
2023-04-04 06:00:00,,"{'1. open': '288.1600', '2. high': '288.4000', '3. low': '287.9560', '4. close': '288.0730', '5. volume': '8827'}"
2023-04-04 05:00:00,,"{'1. open': '286.0400', '2. high': '288.5400', '3. low': '286.0350', '4. close': '288.5310', '5. volume': '4595'}"
2023-04-04 04:00:00,,"{'1. open': '285.8400', '2. high': '286.2000', '3. low': '285.8250', '4. close': '286.0620', '5. volume': '3029'}"
2023-04-03 19:00:00,,"{'1. open': '285.5420', '2. high': '285.7520', '3. low': '285.4670', '4. close': '285.4750', '5. volume': '7568'}"
2023-04-03 18:00:00,,"{'1. open': '285.8110', '2. high': '285.8210', '3. low': '285.3770', '4. close': '285.7630', '5. volume': '2860'}"
2023-04-03 17:00:00,,"{'1. open': '285.8400', '2. high': '285.9810', '3. low': '285.6960', '4. close': '285.7730', '5. volume': '8564'}"
2023-04-03 16:00:00,,"{'1. open': '286.0000', '2. high': '286.3690', '3. low': '285.6660', '4. close': '285.8730', '5. volume': '2821663'}"
2023-04-03 15:00:00,,"{'1. open': '284.9640', '2. high': '286.3790', '3. low': '284.9190', '4. close': '285.9030', '5. volume': '3221374'}"
2023-04-03 14:00:00,,"{'1. open': '283.6840', '2. high': '285.2440', '3. low': '282.8680', '4. close': '284.9570', '5. volume': '1411316'}"
2023-04-03 13:00:00,,"{'1. open': '283.1920', '2. high': '283.9790', '3. low': '282.7290', '4. close': '283.7040', '5. volume': '1669586'}"
2023-04-03 12:00:00,,"{'1. open': '283.9880', '2. high': '284.2880', '3. low': '283.0080', '4. close': '283.2040', '5. volume': '1882803'}"
2023-04-03 11:00:00,,"{'1. open': '284.5860', '2. high': '284.9550', '3. low': '283.4960', '4. close': '284.0010', '5. volume': '2283391'}"
2023-04-03 10:00:00,,"{'1. open': '285.8400', '2. high': '287.0460', '3. low': '284.5410', '4. close': '284.5780', '5. volume': '2759871'}"
2023-04-03 09:00:00,,"{'1. open': '284.1780', '2. high': '286.7480', '3. low': '284.0130', '4. close': '285.8230', '5. volume': '3076594'}"
2023-04-03 08:00:00,,"{'1. open': '285.1230', '2. high': '285.5730', '3. low': '283.6350', '4. close': '284.1800', '5. volume': '136817'}"
2023-04-03 07:00:00,,"{'1. open': '285.1140', '2. high': '285.4430', '3. low': '284.4310', '4. close': '284.8770', '5. volume': '21721'}"
2023-04-03 06:00:00,,"{'1. open': '284.7650', '2. high': '285.2840', '3. low': '284.7600', '4. close': '284.9770', '5. volume': '7382'}"
2023-04-03 05:00:00,,"{'1. open': '284.5560', '2. high': '284.9450', '3. low': '284.5510', '4. close': '284.6980', '5. volume': '3091'}"
2023-04-03 04:00:00,,"{'1. open': '286.2490', '2. high': '286.2600', '3. low': '282.6590', '4. close': '284.4190', '5. volume': '18694'}"
